<?xml version="1.0" encoding="UTF-8" standalone="yes"?>
<mml:PharmML xmlns:ds="http://www.pharmml.org/pharmml/0.6/Dataset" xmlns:math="http://www.pharmml.org/pharmml/0.6/Maths" xmlns:ct="http://www.pharmml.org/pharmml/0.6/CommonTypes" xmlns:td="http://www.pharmml.org/pharmml/0.6/TrialDesign" xmlns:uncert="http://www.uncertml.org/3.0" xmlns:mml="http://www.pharmml.org/pharmml/0.6/PharmML" xmlns:msteps="http://www.pharmml.org/pharmml/0.6/ModellingSteps" xmlns:mdef="http://www.pharmml.org/pharmml/0.6/ModelDefinition" writtenVersion="0.6.1" metadataFile="DDMODEL00000213.rdf" id="i1">
    <ct:Name id="i2">Li_2006_PK_Meropenem_AdultPatients</ct:Name>
    <ct:Description id="i3">Population pharmacokinetics of meropenem in adult patients</ct:Description>
    <mml:IndependentVariable symbId="T" id="i4"/>
    <ct:FunctionDefinition symbolType="real" symbId="combinedError2" id="i5">
        <ct:Description id="i6">Combined additive ad proportional for 1 epsilon</ct:Description>
        <ct:FunctionArgument symbolType="real" symbId="additive" id="i7"/>
        <ct:FunctionArgument symbolType="real" symbId="proportional" id="i8"/>
        <ct:FunctionArgument symbolType="real" symbId="f" id="i9"/>
        <ct:Definition id="i10">
            <math:Equation id="i11">
                <math:Uniop op="sqrt" id="i12">
                    <math:Binop op="plus" id="i13">
                        <math:Binop op="power" id="i14">
                            <ct:SymbRef symbIdRef="proportional" id="i15"/>
                            <ct:Int id="i16">2</ct:Int>
                        </math:Binop>
                        <math:Binop op="times" id="i17">
                            <math:Binop op="power" id="i18">
<ct:SymbRef symbIdRef="additive" id="i19"/>
<ct:Int id="i20">2</ct:Int>
                            </math:Binop>
                            <math:Binop op="power" id="i21">
<ct:SymbRef symbIdRef="f" id="i22"/>
<ct:Int id="i23">2</ct:Int>
                            </math:Binop>
                        </math:Binop>
                    </math:Binop>
                </math:Uniop>
            </math:Equation>
        </ct:Definition>
    </ct:FunctionDefinition>
    <mdef:ModelDefinition id="i24">
        <mdef:VariabilityModel type="residualError" blkId="vm_err" id="i25">
            <mdef:Level referenceLevel="false" symbId="DV" id="i26"/>
        </mdef:VariabilityModel>
        <mdef:VariabilityModel type="parameterVariability" blkId="vm_mdl" id="i27">
            <mdef:Level referenceLevel="true" symbId="ID" id="i28"/>
        </mdef:VariabilityModel>
        <mdef:CovariateModel blkId="cm" id="i29">
            <mdef:Covariate symbId="WT" id="i30">
                <mdef:Continuous id="i31">
                    <mdef:Transformation id="i32">
                        <mdef:TransformedCovariate symbId="logtWT" id="i33"/>
                        <math:Equation id="i34">
                            <math:Uniop op="log" id="i35">
<math:Binop op="divide" id="i36">
    <ct:SymbRef blkIdRef="cm" symbIdRef="WT" id="i37"/>
    <ct:Int id="i38">70</ct:Int>
</math:Binop>
                            </math:Uniop>
                        </math:Equation>
                    </mdef:Transformation>
                </mdef:Continuous>
            </mdef:Covariate>
            <mdef:Covariate symbId="AGE" id="i39">
                <mdef:Continuous id="i40">
                    <mdef:Transformation id="i41">
                        <mdef:TransformedCovariate symbId="logtAGE" id="i42"/>
                        <math:Equation id="i43">
                            <math:Uniop op="log" id="i44">
<math:Binop op="divide" id="i45">
    <ct:SymbRef blkIdRef="cm" symbIdRef="AGE" id="i46"/>
    <ct:Int id="i47">35</ct:Int>
</math:Binop>
                            </math:Uniop>
                        </math:Equation>
                    </mdef:Transformation>
                </mdef:Continuous>
            </mdef:Covariate>
            <mdef:Covariate symbId="CLCR" id="i48">
                <mdef:Continuous id="i49">
                    <mdef:Transformation id="i50">
                        <mdef:TransformedCovariate symbId="logtCLCR" id="i51"/>
                        <math:Equation id="i52">
                            <math:Uniop op="log" id="i53">
<math:Binop op="divide" id="i54">
    <ct:SymbRef blkIdRef="cm" symbIdRef="CLCR" id="i55"/>
    <ct:Int id="i56">83</ct:Int>
</math:Binop>
                            </math:Uniop>
                        </math:Equation>
                    </mdef:Transformation>
                </mdef:Continuous>
            </mdef:Covariate>
        </mdef:CovariateModel>
        <mdef:ParameterModel blkId="pm" id="i57">
            <mdef:SimpleParameter symbId="POP_CL" id="i58"/>
            <mdef:SimpleParameter symbId="POP_V1" id="i59"/>
            <mdef:SimpleParameter symbId="POP_Q" id="i60"/>
            <mdef:SimpleParameter symbId="POP_V2" id="i61"/>
            <mdef:SimpleParameter symbId="COV_CL_AGE" id="i62"/>
            <mdef:SimpleParameter symbId="COV_CL_CLCR" id="i63"/>
            <mdef:SimpleParameter symbId="COV_V1_WT" id="i64"/>
            <mdef:SimpleParameter symbId="RUV_PROP" id="i65"/>
            <mdef:SimpleParameter symbId="RUV_ADD" id="i66"/>
            <mdef:SimpleParameter symbId="PPV_CL" id="i67"/>
            <mdef:SimpleParameter symbId="PPV_V1" id="i68"/>
            <mdef:SimpleParameter symbId="PPV_Q" id="i69"/>
            <mdef:SimpleParameter symbId="PPV_V2" id="i70"/>
            <mdef:RandomVariable symbId="ETA_CL" id="i71">
                <ct:VariabilityReference id="i72">
                    <ct:SymbRef blkIdRef="vm_mdl" symbIdRef="ID" id="i73"/>
                </ct:VariabilityReference>
                <uncert:NormalDistribution definition="http://www.uncertml.org/distributions/normal">
                    <uncert:mean>
                        <uncert:rVal>0.0</uncert:rVal>
                    </uncert:mean>
                    <uncert:variance>
                        <uncert:var varId="PPV_CL"/>
                    </uncert:variance>
                </uncert:NormalDistribution>
            </mdef:RandomVariable>
            <mdef:RandomVariable symbId="ETA_V1" id="i74">
                <ct:VariabilityReference id="i75">
                    <ct:SymbRef blkIdRef="vm_mdl" symbIdRef="ID" id="i76"/>
                </ct:VariabilityReference>
                <uncert:NormalDistribution definition="http://www.uncertml.org/distributions/normal">
                    <uncert:mean>
                        <uncert:rVal>0.0</uncert:rVal>
                    </uncert:mean>
                    <uncert:variance>
                        <uncert:var varId="PPV_V1"/>
                    </uncert:variance>
                </uncert:NormalDistribution>
            </mdef:RandomVariable>
            <mdef:RandomVariable symbId="ETA_Q" id="i77">
                <ct:VariabilityReference id="i78">
                    <ct:SymbRef blkIdRef="vm_mdl" symbIdRef="ID" id="i79"/>
                </ct:VariabilityReference>
                <uncert:NormalDistribution definition="http://www.uncertml.org/distributions/normal">
                    <uncert:mean>
                        <uncert:rVal>0.0</uncert:rVal>
                    </uncert:mean>
                    <uncert:variance>
                        <uncert:var varId="PPV_Q"/>
                    </uncert:variance>
                </uncert:NormalDistribution>
            </mdef:RandomVariable>
            <mdef:RandomVariable symbId="ETA_V2" id="i80">
                <ct:VariabilityReference id="i81">
                    <ct:SymbRef blkIdRef="vm_mdl" symbIdRef="ID" id="i82"/>
                </ct:VariabilityReference>
                <uncert:NormalDistribution definition="http://www.uncertml.org/distributions/normal">
                    <uncert:mean>
                        <uncert:rVal>0.0</uncert:rVal>
                    </uncert:mean>
                    <uncert:variance>
                        <uncert:var varId="PPV_V2"/>
                    </uncert:variance>
                </uncert:NormalDistribution>
            </mdef:RandomVariable>
            <mdef:IndividualParameter symbId="CL" id="i83">
                <mdef:GaussianModel id="i84">
                    <mdef:Transformation>log</mdef:Transformation>
                    <mdef:LinearCovariate id="i85">
                        <mdef:PopulationParameter id="i86">
                            <ct:Assign id="i87">
<math:Equation id="i88">
    <ct:SymbRef blkIdRef="pm" symbIdRef="POP_CL" id="i89"/>
</math:Equation>
                            </ct:Assign>
                        </mdef:PopulationParameter>
                        <mdef:Covariate id="i90">
                            <ct:SymbRef blkIdRef="cm" symbIdRef="logtAGE" id="i91"/>
                            <mdef:FixedEffect id="i92">
<ct:SymbRef blkIdRef="pm" symbIdRef="COV_CL_AGE" id="i93"/>
                            </mdef:FixedEffect>
                        </mdef:Covariate>
                        <mdef:Covariate id="i94">
                            <ct:SymbRef blkIdRef="cm" symbIdRef="logtCLCR" id="i95"/>
                            <mdef:FixedEffect id="i96">
<ct:SymbRef blkIdRef="pm" symbIdRef="COV_CL_CLCR" id="i97"/>
                            </mdef:FixedEffect>
                        </mdef:Covariate>
                    </mdef:LinearCovariate>
                    <mdef:RandomEffects id="i98">
                        <ct:SymbRef blkIdRef="pm" symbIdRef="ETA_CL" id="i99"/>
                    </mdef:RandomEffects>
                </mdef:GaussianModel>
            </mdef:IndividualParameter>
            <mdef:IndividualParameter symbId="V1" id="i100">
                <mdef:GaussianModel id="i101">
                    <mdef:Transformation>log</mdef:Transformation>
                    <mdef:LinearCovariate id="i102">
                        <mdef:PopulationParameter id="i103">
                            <ct:Assign id="i104">
<math:Equation id="i105">
    <ct:SymbRef blkIdRef="pm" symbIdRef="POP_V1" id="i106"/>
</math:Equation>
                            </ct:Assign>
                        </mdef:PopulationParameter>
                        <mdef:Covariate id="i107">
                            <ct:SymbRef blkIdRef="cm" symbIdRef="logtWT" id="i108"/>
                            <mdef:FixedEffect id="i109">
<ct:SymbRef blkIdRef="pm" symbIdRef="COV_V1_WT" id="i110"/>
                            </mdef:FixedEffect>
                        </mdef:Covariate>
                    </mdef:LinearCovariate>
                    <mdef:RandomEffects id="i111">
                        <ct:SymbRef blkIdRef="pm" symbIdRef="ETA_V1" id="i112"/>
                    </mdef:RandomEffects>
                </mdef:GaussianModel>
            </mdef:IndividualParameter>
            <mdef:IndividualParameter symbId="Q" id="i113">
                <mdef:GaussianModel id="i114">
                    <mdef:Transformation>log</mdef:Transformation>
                    <mdef:LinearCovariate id="i115">
                        <mdef:PopulationParameter id="i116">
                            <ct:Assign id="i117">
<math:Equation id="i118">
    <ct:SymbRef blkIdRef="pm" symbIdRef="POP_Q" id="i119"/>
</math:Equation>
                            </ct:Assign>
                        </mdef:PopulationParameter>
                    </mdef:LinearCovariate>
                    <mdef:RandomEffects id="i120">
                        <ct:SymbRef blkIdRef="pm" symbIdRef="ETA_Q" id="i121"/>
                    </mdef:RandomEffects>
                </mdef:GaussianModel>
            </mdef:IndividualParameter>
            <mdef:IndividualParameter symbId="V2" id="i122">
                <mdef:GaussianModel id="i123">
                    <mdef:Transformation>log</mdef:Transformation>
                    <mdef:LinearCovariate id="i124">
                        <mdef:PopulationParameter id="i125">
                            <ct:Assign id="i126">
<math:Equation id="i127">
    <ct:SymbRef blkIdRef="pm" symbIdRef="POP_V2" id="i128"/>
</math:Equation>
                            </ct:Assign>
                        </mdef:PopulationParameter>
                    </mdef:LinearCovariate>
                    <mdef:RandomEffects id="i129">
                        <ct:SymbRef blkIdRef="pm" symbIdRef="ETA_V2" id="i130"/>
                    </mdef:RandomEffects>
                </mdef:GaussianModel>
            </mdef:IndividualParameter>
            <mdef:RandomVariable symbId="EPS_Y" id="i131">
                <ct:VariabilityReference id="i132">
                    <ct:SymbRef blkIdRef="vm_err" symbIdRef="DV" id="i133"/>
                </ct:VariabilityReference>
                <uncert:NormalDistribution definition="http://www.uncertml.org/distributions/normal">
                    <uncert:mean>
                        <uncert:rVal>0.0</uncert:rVal>
                    </uncert:mean>
                    <uncert:variance>
                        <uncert:prVal>1.0</uncert:prVal>
                    </uncert:variance>
                </uncert:NormalDistribution>
            </mdef:RandomVariable>
        </mdef:ParameterModel>
        <mdef:StructuralModel blkId="sm" id="i134">
            <ct:DerivativeVariable symbolType="real" symbId="CENTRAL" id="i135">
                <ct:Assign id="i136">
                    <math:Equation id="i137">
                        <math:Binop op="minus" id="i138">
                            <math:Binop op="plus" id="i139">
<math:Binop op="divide" id="i140">
    <math:Binop op="times" id="i141">
        <math:Uniop op="minus" id="i142">
            <ct:SymbRef blkIdRef="pm" symbIdRef="Q" id="i143"/>
        </math:Uniop>
        <ct:SymbRef blkIdRef="sm" symbIdRef="CENTRAL" id="i144"/>
    </math:Binop>
    <ct:SymbRef blkIdRef="pm" symbIdRef="V1" id="i145"/>
</math:Binop>
<math:Binop op="divide" id="i146">
    <math:Binop op="times" id="i147">
        <ct:SymbRef blkIdRef="pm" symbIdRef="Q" id="i148"/>
        <ct:SymbRef blkIdRef="sm" symbIdRef="PERIPHERAL" id="i149"/>
    </math:Binop>
    <ct:SymbRef blkIdRef="pm" symbIdRef="V2" id="i150"/>
</math:Binop>
                            </math:Binop>
                            <math:Binop op="divide" id="i151">
<math:Binop op="times" id="i152">
    <ct:SymbRef blkIdRef="pm" symbIdRef="CL" id="i153"/>
    <ct:SymbRef blkIdRef="sm" symbIdRef="CENTRAL" id="i154"/>
</math:Binop>
<ct:SymbRef blkIdRef="pm" symbIdRef="V1" id="i155"/>
                            </math:Binop>
                        </math:Binop>
                    </math:Equation>
                </ct:Assign>
                <ct:IndependentVariable id="i156">
                    <ct:SymbRef symbIdRef="T" id="i157"/>
                </ct:IndependentVariable>
                <ct:InitialCondition id="i158">
                    <ct:InitialValue id="i159">
                        <ct:Assign id="i160">
                            <math:Equation id="i161">
<ct:Int id="i162">0</ct:Int>
                            </math:Equation>
                        </ct:Assign>
                    </ct:InitialValue>
                    <ct:InitialTime id="i163">
                        <ct:Assign id="i164">
                            <math:Equation id="i165">
<ct:Int id="i166">0</ct:Int>
                            </math:Equation>
                        </ct:Assign>
                    </ct:InitialTime>
                </ct:InitialCondition>
            </ct:DerivativeVariable>
            <ct:DerivativeVariable symbolType="real" symbId="PERIPHERAL" id="i167">
                <ct:Assign id="i168">
                    <math:Equation id="i169">
                        <math:Binop op="minus" id="i170">
                            <math:Binop op="divide" id="i171">
<math:Binop op="times" id="i172">
    <ct:SymbRef blkIdRef="pm" symbIdRef="Q" id="i173"/>
    <ct:SymbRef blkIdRef="sm" symbIdRef="CENTRAL" id="i174"/>
</math:Binop>
<ct:SymbRef blkIdRef="pm" symbIdRef="V1" id="i175"/>
                            </math:Binop>
                            <math:Binop op="divide" id="i176">
<math:Binop op="times" id="i177">
    <ct:SymbRef blkIdRef="pm" symbIdRef="Q" id="i178"/>
    <ct:SymbRef blkIdRef="sm" symbIdRef="PERIPHERAL" id="i179"/>
</math:Binop>
<ct:SymbRef blkIdRef="pm" symbIdRef="V2" id="i180"/>
                            </math:Binop>
                        </math:Binop>
                    </math:Equation>
                </ct:Assign>
                <ct:IndependentVariable id="i181">
                    <ct:SymbRef symbIdRef="T" id="i182"/>
                </ct:IndependentVariable>
                <ct:InitialCondition id="i183">
                    <ct:InitialValue id="i184">
                        <ct:Assign id="i185">
                            <math:Equation id="i186">
<ct:Int id="i187">0</ct:Int>
                            </math:Equation>
                        </ct:Assign>
                    </ct:InitialValue>
                    <ct:InitialTime id="i188">
                        <ct:Assign id="i189">
                            <math:Equation id="i190">
<ct:Int id="i191">0</ct:Int>
                            </math:Equation>
                        </ct:Assign>
                    </ct:InitialTime>
                </ct:InitialCondition>
            </ct:DerivativeVariable>
            <ct:Variable symbolType="real" symbId="CC" id="i192">
                <ct:Assign id="i193">
                    <math:Equation id="i194">
                        <math:Binop op="divide" id="i195">
                            <ct:SymbRef blkIdRef="sm" symbIdRef="CENTRAL" id="i196"/>
                            <ct:SymbRef blkIdRef="pm" symbIdRef="V1" id="i197"/>
                        </math:Binop>
                    </math:Equation>
                </ct:Assign>
            </ct:Variable>
        </mdef:StructuralModel>
        <mdef:ObservationModel blkId="om1" id="i198">
            <mdef:ContinuousData id="i199">
                <mdef:Standard symbId="Y" id="i200">
                    <mdef:Output>
                        <ct:SymbRef blkIdRef="sm" symbIdRef="CC" id="i201"/>
                    </mdef:Output>
                    <mdef:ErrorModel>
                        <ct:Assign id="i202">
                            <math:Equation id="i203">
<math:FunctionCall id="i204">
    <ct:SymbRef symbIdRef="combinedError2" id="i205"/>
    <math:FunctionArgument symbId="additive">
        <ct:SymbRef blkIdRef="pm" symbIdRef="RUV_ADD" id="i206"/>
    </math:FunctionArgument>
    <math:FunctionArgument symbId="proportional">
        <ct:SymbRef blkIdRef="pm" symbIdRef="RUV_PROP" id="i207"/>
    </math:FunctionArgument>
    <math:FunctionArgument symbId="f">
        <ct:SymbRef blkIdRef="sm" symbIdRef="CC" id="i208"/>
    </math:FunctionArgument>
</math:FunctionCall>
                            </math:Equation>
                        </ct:Assign>
                    </mdef:ErrorModel>
                    <mdef:ResidualError>
                        <ct:SymbRef blkIdRef="pm" symbIdRef="EPS_Y" id="i209"/>
                    </mdef:ResidualError>
                </mdef:Standard>
            </mdef:ContinuousData>
        </mdef:ObservationModel>
    </mdef:ModelDefinition>
    <msteps:ModellingSteps id="i210">
        <msteps:ExternalDataSet toolName="NONMEM" oid="nm_ds" id="i211">
            <msteps:ColumnMapping id="i212">
                <ds:ColumnRef columnIdRef="ID" id="i213"/>
                <ct:SymbRef blkIdRef="vm_mdl" symbIdRef="ID" id="i214"/>
            </msteps:ColumnMapping>
            <msteps:ColumnMapping id="i215">
                <ds:ColumnRef columnIdRef="TIME" id="i216"/>
                <ct:SymbRef symbIdRef="T" id="i217"/>
            </msteps:ColumnMapping>
            <msteps:ColumnMapping id="i218">
                <ds:ColumnRef columnIdRef="DV" id="i219"/>
                <ct:SymbRef blkIdRef="om1" symbIdRef="Y" id="i220"/>
            </msteps:ColumnMapping>
            <msteps:ColumnMapping id="i221">
                <ds:ColumnRef columnIdRef="AMT" id="i222"/>
                <ds:Piecewise>
                    <math:Piece id="i223">
                        <ct:SymbRef blkIdRef="sm" symbIdRef="CENTRAL" id="i224"/>
                        <math:Condition id="i225">
                            <math:LogicBinop op="gt" id="i226">
<ds:ColumnRef columnIdRef="AMT" id="i227"/>
<ct:Int id="i228">0</ct:Int>
                            </math:LogicBinop>
                        </math:Condition>
                    </math:Piece>
                </ds:Piecewise>
            </msteps:ColumnMapping>
            <msteps:ColumnMapping id="i229">
                <ds:ColumnRef columnIdRef="AGE" id="i230"/>
                <ct:SymbRef blkIdRef="cm" symbIdRef="AGE" id="i231"/>
            </msteps:ColumnMapping>
            <msteps:ColumnMapping id="i232">
                <ds:ColumnRef columnIdRef="WT" id="i233"/>
                <ct:SymbRef blkIdRef="cm" symbIdRef="WT" id="i234"/>
            </msteps:ColumnMapping>
            <msteps:ColumnMapping id="i235">
                <ds:ColumnRef columnIdRef="CLCR" id="i236"/>
                <ct:SymbRef blkIdRef="cm" symbIdRef="CLCR" id="i237"/>
            </msteps:ColumnMapping>
            <ds:DataSet id="i238">
                <ds:Definition id="i239">
                    <ds:Column columnId="ID" columnType="id" valueType="int" columnNum="1" id="i240"/>
                    <ds:Column columnId="TIME" columnType="idv" valueType="real" columnNum="2" id="i241"/>
                    <ds:Column columnId="GROUP" columnType="undefined" valueType="real" columnNum="3" id="i242"/>
                    <ds:Column columnId="DV" columnType="dv" valueType="real" columnNum="4" id="i243"/>
                    <ds:Column columnId="MDV" columnType="mdv" valueType="int" columnNum="5" id="i244"/>
                    <ds:Column columnId="EVID" columnType="undefined" valueType="real" columnNum="6" id="i245"/>
                    <ds:Column columnId="AMT" columnType="dose" valueType="real" columnNum="7" id="i246"/>
                    <ds:Column columnId="RATE" columnType="rate" valueType="real" columnNum="8" id="i247"/>
                    <ds:Column columnId="AGE" columnType="covariate" valueType="real" columnNum="9" id="i248"/>
                    <ds:Column columnId="WT" columnType="covariate" valueType="real" columnNum="10" id="i249"/>
                    <ds:Column columnId="CLCR" columnType="covariate" valueType="real" columnNum="11" id="i250"/>
                </ds:Definition>
                <ds:ExternalFile oid="id" id="i251">
                    <ds:path>Simulated_DatasetMeropenem.csv</ds:path>
                    <ds:format>CSV</ds:format>
                    <ds:delimiter>COMMA</ds:delimiter>
                </ds:ExternalFile>
            </ds:DataSet>
        </msteps:ExternalDataSet>
        <msteps:EstimationStep oid="estimStep_1" id="i252">
            <msteps:ExternalDataSetReference id="i253">
                <ct:OidRef oidRef="nm_ds" id="i254"/>
            </msteps:ExternalDataSetReference>
            <msteps:ParametersToEstimate id="i255">
                <msteps:ParameterEstimation id="i256">
                    <ct:SymbRef blkIdRef="pm" symbIdRef="POP_CL" id="i257"/>
                    <msteps:InitialEstimate fixed="false" id="i258">
                        <math:Equation id="i259">
                            <ct:Real id="i260">14.6</ct:Real>
                        </math:Equation>
                    </msteps:InitialEstimate>
                    <msteps:LowerBound id="i261">
                        <math:Equation id="i262">
                            <ct:Int id="i263">0</ct:Int>
                        </math:Equation>
                    </msteps:LowerBound>
                </msteps:ParameterEstimation>
                <msteps:ParameterEstimation id="i264">
                    <ct:SymbRef blkIdRef="pm" symbIdRef="POP_V1" id="i265"/>
                    <msteps:InitialEstimate fixed="false" id="i266">
                        <math:Equation id="i267">
                            <ct:Real id="i268">10.8</ct:Real>
                        </math:Equation>
                    </msteps:InitialEstimate>
                    <msteps:LowerBound id="i269">
                        <math:Equation id="i270">
                            <ct:Int id="i271">0</ct:Int>
                        </math:Equation>
                    </msteps:LowerBound>
                </msteps:ParameterEstimation>
                <msteps:ParameterEstimation id="i272">
                    <ct:SymbRef blkIdRef="pm" symbIdRef="POP_Q" id="i273"/>
                    <msteps:InitialEstimate fixed="false" id="i274">
                        <math:Equation id="i275">
                            <ct:Real id="i276">18.6</ct:Real>
                        </math:Equation>
                    </msteps:InitialEstimate>
                    <msteps:LowerBound id="i277">
                        <math:Equation id="i278">
                            <ct:Int id="i279">0</ct:Int>
                        </math:Equation>
                    </msteps:LowerBound>
                </msteps:ParameterEstimation>
                <msteps:ParameterEstimation id="i280">
                    <ct:SymbRef blkIdRef="pm" symbIdRef="POP_V2" id="i281"/>
                    <msteps:InitialEstimate fixed="false" id="i282">
                        <math:Equation id="i283">
                            <ct:Real id="i284">12.6</ct:Real>
                        </math:Equation>
                    </msteps:InitialEstimate>
                    <msteps:LowerBound id="i285">
                        <math:Equation id="i286">
                            <ct:Int id="i287">0</ct:Int>
                        </math:Equation>
                    </msteps:LowerBound>
                </msteps:ParameterEstimation>
                <msteps:ParameterEstimation id="i288">
                    <ct:SymbRef blkIdRef="pm" symbIdRef="COV_CL_AGE" id="i289"/>
                    <msteps:InitialEstimate fixed="false" id="i290">
                        <math:Equation id="i291">
                            <math:Uniop op="minus" id="i292">
<ct:Real id="i293">0.34</ct:Real>
                            </math:Uniop>
                        </math:Equation>
                    </msteps:InitialEstimate>
                </msteps:ParameterEstimation>
                <msteps:ParameterEstimation id="i294">
                    <ct:SymbRef blkIdRef="pm" symbIdRef="COV_CL_CLCR" id="i295"/>
                    <msteps:InitialEstimate fixed="true" id="i296">
                        <math:Equation id="i297">
                            <ct:Real id="i298">0.62</ct:Real>
                        </math:Equation>
                    </msteps:InitialEstimate>
                </msteps:ParameterEstimation>
                <msteps:ParameterEstimation id="i299">
                    <ct:SymbRef blkIdRef="pm" symbIdRef="COV_V1_WT" id="i300"/>
                    <msteps:InitialEstimate fixed="false" id="i301">
                        <math:Equation id="i302">
                            <ct:Real id="i303">0.99</ct:Real>
                        </math:Equation>
                    </msteps:InitialEstimate>
                </msteps:ParameterEstimation>
                <msteps:ParameterEstimation id="i304">
                    <ct:SymbRef blkIdRef="pm" symbIdRef="RUV_PROP" id="i305"/>
                    <msteps:InitialEstimate fixed="false" id="i306">
                        <math:Equation id="i307">
                            <ct:Real id="i308">0.19</ct:Real>
                        </math:Equation>
                    </msteps:InitialEstimate>
                </msteps:ParameterEstimation>
                <msteps:ParameterEstimation id="i309">
                    <ct:SymbRef blkIdRef="pm" symbIdRef="RUV_ADD" id="i310"/>
                    <msteps:InitialEstimate fixed="false" id="i311">
                        <math:Equation id="i312">
                            <ct:Real id="i313">0.47</ct:Real>
                        </math:Equation>
                    </msteps:InitialEstimate>
                </msteps:ParameterEstimation>
                <msteps:ParameterEstimation id="i314">
                    <ct:SymbRef blkIdRef="pm" symbIdRef="PPV_CL" id="i315"/>
                    <msteps:InitialEstimate fixed="false" id="i316">
                        <math:Equation id="i317">
                            <ct:Real id="i318">0.118</ct:Real>
                        </math:Equation>
                    </msteps:InitialEstimate>
                </msteps:ParameterEstimation>
                <msteps:ParameterEstimation id="i319">
                    <ct:SymbRef blkIdRef="pm" symbIdRef="PPV_V1" id="i320"/>
                    <msteps:InitialEstimate fixed="false" id="i321">
                        <math:Equation id="i322">
                            <ct:Real id="i323">0.143</ct:Real>
                        </math:Equation>
                    </msteps:InitialEstimate>
                </msteps:ParameterEstimation>
                <msteps:ParameterEstimation id="i324">
                    <ct:SymbRef blkIdRef="pm" symbIdRef="PPV_Q" id="i325"/>
                    <msteps:InitialEstimate fixed="false" id="i326">
                        <math:Equation id="i327">
                            <ct:Real id="i328">0.29</ct:Real>
                        </math:Equation>
                    </msteps:InitialEstimate>
                </msteps:ParameterEstimation>
                <msteps:ParameterEstimation id="i329">
                    <ct:SymbRef blkIdRef="pm" symbIdRef="PPV_V2" id="i330"/>
                    <msteps:InitialEstimate fixed="false" id="i331">
                        <math:Equation id="i332">
                            <ct:Real id="i333">0.102</ct:Real>
                        </math:Equation>
                    </msteps:InitialEstimate>
                </msteps:ParameterEstimation>
            </msteps:ParametersToEstimate>
            <msteps:Operation order="1" opType="estPop" id="i334">
                <msteps:Algorithm definition="FOCEI" id="i335"/>
            </msteps:Operation>
        </msteps:EstimationStep>
        <msteps:StepDependencies id="i336">
            <msteps:Step id="i337">
                <ct:OidRef oidRef="estimStep_1" id="i338"/>
            </msteps:Step>
        </msteps:StepDependencies>
    </msteps:ModellingSteps>
</mml:PharmML>
